student_id,name,email,registration_date
1,Wesley Strickland,wesley.strickland@example.com,2025-03-11 03:15:10
2,Tracy Smith,tracy.smith@example.com,2025-02-14 03:42:45
3,Lisa Anderson MD,lisa.anderson.md@example.com,2025-02-18 07:45:23
4,Yolanda Roberts,yolanda.roberts@example.com,2025-03-04 13:55:22
5,Brian Hunt,brian.hunt@example.com,2025-01-08 13:37:36
6,Donald Jones,donald.jones@example.com,2025-01-15 17:27:38
7,Jeffrey Taylor DDS,jeffrey.taylor.dds@example.com,2025-02-22 10:21:12
8,Joel Miller,joel.miller@example.com,2025-01-07 17:53:47
9,Stacy Wheeler,stacy.wheeler@example.com,2025-01-29 12:13:20
10,Patricia Ellis,patricia.ellis@example.com,2025-03-09 07:15:55
11,Charles Patterson,charles.patterson@example.com,2025-03-01 02:48:31
12,Renee Davenport,renee.davenport@example.com,2025-02-22 16:46:47
13,James Mcintyre,james.mcintyre@example.com,2025-01-30 22:00:49
14,Paula Matthews,paula.matthews@example.com,2025-02-11 10:04:57
15,Carrie Roy,carrie.roy@example.com,2025-02-10 16:25:55
16,Stacy Mullen,stacy.mullen@example.com,2025-01-28 20:02:34
17,Alice Mooney,alice.mooney@example.com,2025-02-28 02:03:34
18,Timothy Marshall,timothy.marshall@example.com,2025-01-19 02:39:56
19,Garrett Brooks,garrett.brooks@example.com,2025-01-20 08:29:51
20,Calvin Henson,calvin.henson@example.com,2025-01-24 02:08:34
21,Paula Bell,paula.bell@example.com,2025-02-05 08:08:47
22,Diana Smith,diana.smith@example.com,2025-02-17 08:07:18
23,David Kline,david.kline@example.com,2025-03-09 09:47:10
24,Russell Wilson,russell.wilson@example.com,2025-02-19 12:01:05
25,Paige Carrillo,paige.carrillo@example.com,2025-02-01 10:01:19
26,Michael Robinson,michael.robinson@example.com,2025-01-26 06:44:32
27,Dawn Delgado,dawn.delgado@example.com,2025-02-24 16:21:04
28,Deanna Cisneros,deanna.cisneros@example.com,2025-01-30 14:07:05
29,Angela Castillo,angela.castillo@example.com,2025-03-05 02:47:28
30,Stacy Holmes,stacy.holmes@example.com,2025-01-26 04:35:49
31,Elizabeth Foley,elizabeth.foley@example.com,2025-01-11 03:37:48
32,Marcus Newman,marcus.newman@example.com,2025-02-05 04:48:33
33,Michelle Olson,michelle.olson@example.com,2025-03-05 20:11:04
34,Jeffery Miller,jeffery.miller@example.com,2025-01-30 13:56:12
35,Rita Kelly,rita.kelly@example.com,2025-03-08 08:34:27
36,Paul Guzman,paul.guzman@example.com,2025-02-03 04:33:00
37,Eric Smith,eric.smith@example.com,2025-01-09 18:52:50
38,Morgan Murillo,morgan.murillo@example.com,2025-01-30 16:52:17
39,Kelly Harris,kelly.harris@example.com,2025-02-08 18:28:51
40,John Bradford,john.bradford@example.com,2025-02-12 01:28:53
41,Amanda Williams,amanda.williams@example.com,2025-02-09 07:13:33
42,Megan Harris,megan.harris@example.com,2025-01-07 19:25:38
43,Richard Campos,richard.campos@example.com,2025-02-26 05:19:09
44,Victoria Cameron,victoria.cameron@example.com,2025-02-13 16:27:07
45,Erika Cook,erika.cook@example.com,2025-03-01 21:16:55
46,Dr. Steven Crawford,dr..steven.crawford@example.com,2025-03-02 19:43:44
47,Brian Singh,brian.singh@example.com,2025-01-01 22:21:50
48,Patricia Williamson,patricia.williamson@example.com,2025-01-06 00:35:50
49,Timothy Schmidt,timothy.schmidt@example.com,2025-01-20 00:21:30
50,Ashley Vargas,ashley.vargas@example.com,2025-03-09 02:08:23
